STPO Number,Priority
6200016887,M_15th
6200020580,M_15th
6200020723,M_15th
6200020726,M_15th
6200020811,M_15th
6200020812,M_15th
6200020832,M_15th
6200020891,M_15th
6200020905,M_15th
6200020906,M_25th
6200020928,M_15th
6200020931,M_25th
6200020949,M_15th
6200020974,M_15th
6200021038,M_15th
6200021039,M_15th
6200021040,M_15th
6200021042,M_15th
6200021043,M+1_7th
6200021052,M_15th
6200021058,M+1_7th
6200021072,M_15th
6200021112,M_15th
6200021127,M_15th
6200021128,M_15th
6200021129,M_15th
6200021131,M_15th
6200021132,M_15th
6200021133,M_15th
6700002277,M_15th
6700002336,M_15th
6700002344,M_15th
6700002346,M_15th
6700002347,M_15th
6700002348,M_15th
6700002352,M_15th
6700002360,M_15th
6700002361,M_15th
6700002393,M_15th
6700002394,M_15th
6200021137,M_15th
6200021166,M_15th
6200021167,M_15th
6200021174,M_15th
6200021175,M_15th
6200021176,M_15th
6200021177,M_15th
6700002408,M_15th
6700002410,M_15th
6700002414,M_15th
